canonical,concept,priority,cast_type
company_number,UKCompaniesHouseRegisteredNumber,1,VARCHAR
company_name,EntityCurrentLegalOrRegisteredName,1,VARCHAR
company_name,EntityCurrentLegalName,2,VARCHAR
company_dormant,EntityDormantTruefalse,1,BOOLEAN
company_dormant,EntityDormant,2,BOOLEAN
principal_activities,DescriptionPrincipalActivities,1,VARCHAR
report_title,ReportTitle,1,VARCHAR
balance_sheet_date,BalanceSheetDate,1,DATE
report_period_start,StartDateForPeriodCoveredByReport,1,DATE
report_period_end,EndDateForPeriodCoveredByReport,1,DATE
authorisation_date,DateAuthorisationFinancialStatementsForIssue,1,DATE
directors_report_date,DateSigningDirectorsReport,1,DATE
auditors_report_date,DateAuditorsReport,1,DATE
auditor_name,NameEntityAuditors,1,VARCHAR
senior_statutory_auditor,NameSeniorStatutoryAuditor,1,VARCHAR
auditors_opinion,OpinionAuditorsOnEntity,1,VARCHAR
production_software,NameProductionSoftware,1,VARCHAR
production_software_version,VersionProductionSoftware,1,VARCHAR
going_concern,FinancialStatementsArePreparedOnGoing-concernBasisTruefalse,1,BOOLEAN
audit_exemption_s477,StatementThatCompanyEntitledToExemptionFromAuditUnderSection477CompaniesAct2006RelatingToSmallCompanies,1,BOOLEAN
small_companies_regime,StatementThatAccountsHaveBeenPreparedInAccordanceWithProvisionsSmallCompaniesRegime,1,BOOLEAN
employees,AverageNumberEmployeesDuringPeriod,1,INTEGER
employees,EmployeesTotal,2,INTEGER
turnover,TurnoverRevenue,1,DECIMAL
turnover,TurnoverGrossOperatingRevenue,2,DECIMAL
cost_of_sales,CostSales,1,DECIMAL
gross_profit,GrossProfitLoss,1,DECIMAL
other_operating_income,OtherOperatingIncome,1,DECIMAL
other_operating_income,OtherOperatingIncomeFormat1,2,DECIMAL
other_operating_income,OtherOperatingIncomeFormat2,3,DECIMAL
administrative_expenses,AdministrativeExpenses,1,DECIMAL
staff_costs,StaffCostsEmployeeBenefitsExpense,1,DECIMAL
staff_costs,StaffCosts,2,DECIMAL
wages_salaries,WagesSalaries,1,DECIMAL
social_security_costs,SocialSecurityCosts,1,DECIMAL
pension_costs,PensionOtherPost-employmentBenefitCostsOtherPensionCosts,1,DECIMAL
director_remuneration,DirectorRemuneration,1,DECIMAL
raw_materials,RawMaterialsConsumables,1,DECIMAL
raw_materials,RawMaterialsConsumablesUsed,2,DECIMAL
depreciation,DepreciationOtherAmountsWrittenOffTangibleIntangibleFixedAssets,1,DECIMAL
depreciation,DepreciationAmortisationImpairmentExpense,2,DECIMAL
other_operating_charges,OtherOperatingChargesFormat2,1,DECIMAL
other_operating_charges,OtherOperatingExpensesFormat2,2,DECIMAL
operating_profit,OperatingProfitLoss,1,DECIMAL
finance_income,OtherInterestReceivableSimilarIncomeFinanceIncome,1,DECIMAL
finance_costs,InterestPayableSimilarChargesFinanceCosts,1,DECIMAL
profit_before_tax,ProfitLossOnOrdinaryActivitiesBeforeTax,1,DECIMAL
profit_before_tax,ProfitLoss,2,DECIMAL
tax,TaxTaxCreditOnProfitOrLossOnOrdinaryActivities,1,DECIMAL
tax,TaxOnProfitOrLossOnOrdinaryActivities,2,DECIMAL
current_tax,CurrentTaxForPeriod,1,DECIMAL
current_tax,TotalCurrentTaxExpenseCredit,2,DECIMAL
tax_at_applicable_rate,TaxExpenseCreditApplicableTaxRate,1,DECIMAL
applicable_tax_rate,ApplicableTaxRate,1,DECIMAL
profit_for_period,ProfitLossForPeriod,1,DECIMAL
profit_for_period,ProfitLoss,3,DECIMAL
comprehensive_income,ComprehensiveIncomeExpense,1,DECIMAL
dividends_paid,DividendsPaid,1,DECIMAL
audit_fees,AuditFeesExpenses,1,DECIMAL
fixed_assets,FixedAssets,1,DECIMAL
fixed_assets,TangibleFixedAssets,2,DECIMAL
intangible_assets,IntangibleAssets,1,DECIMAL
ppe,PropertyPlantEquipment,1,DECIMAL
ppe_cost,PropertyPlantEquipmentGrossCost,1,DECIMAL
ppe_accumulated_depreciation,AccumulatedDepreciationImpairmentPropertyPlantEquipment,1,DECIMAL
ppe_additions,AdditionsOtherThanThroughBusinessCombinationsPropertyPlantEquipment,1,DECIMAL
ppe_depreciation_charge,IncreaseFromDepreciationChargeForYearPropertyPlantEquipment,1,DECIMAL
investments,InvestmentsFixedAssets,1,DECIMAL
investments_group,InvestmentsInGroupUndertakings,1,DECIMAL
current_assets,CurrentAssets,1,DECIMAL
stocks,StocksInventory,1,DECIMAL
stocks,TotalInventories,2,DECIMAL
debtors,Debtors,1,DECIMAL
cash,CashBankOnHand,1,DECIMAL
cash,CashBankInHand,2,DECIMAL
cash_equivalents,CashCashEquivalents,1,DECIMAL
cash_equivalents,CashCashEquivalentsCashFlowValue,2,DECIMAL
creditors_within_one_year,CreditorsDueWithinOneYear,1,DECIMAL
creditors_within_one_year,Creditors,2,DECIMAL
creditors_after_one_year,CreditorsDueAfterOneYear,1,DECIMAL
accrued_liabilities,AccruedLiabilitiesNotExpressedWithinCreditorsSubtotal,1,DECIMAL
provisions,ProvisionsForLiabilitiesBalanceSheetSubtotal,1,DECIMAL
deferred_tax,NetDeferredTaxLiabilityAsset,1,DECIMAL
deferred_tax,TaxationIncludingDeferredTaxationBalanceSheetSubtotal,2,DECIMAL
net_current_assets,NetCurrentAssetsLiabilities,1,DECIMAL
total_assets_less_current_liabilities,TotalAssetsLessCurrentLiabilities,1,DECIMAL
net_assets,NetAssetsLiabilities,1,DECIMAL
net_assets,NetAssetsLiabilitiesIncludingPensionAssetLiability,2,DECIMAL
equity,Equity,1,DECIMAL
equity,ShareholderFunds,2,DECIMAL
called_up_share_capital,CalledUpShareCapital,1,DECIMAL
retained_earnings,ProfitLossAccountReserve,1,DECIMAL
operating_lease_commitments,FutureMinimumLeasePaymentsUnderNon-cancellableOperatingLeases,1,DECIMAL
gain_loss_disposal_ppe,GainLossOnDisposalsPropertyPlantEquipment,1,DECIMAL
net_cash_from_operations,NetCashGeneratedFromOperations,1,DECIMAL
